{
    "email": "yuliusmantio1y@gmail.com",
    "password": "yulius1y",
    "appName": "DESKTOPWIN\t7.3.1\tWindows\t10.0",
    "autoAdd": {
        "status": true,
        "message": "Why bro? @!",
        "reply": true
    },
    "autoJoin": {
        "status": true,
        "message": "kntl",
        "reply": false,
        "ticket": false
    },
    "JoinPurge": {
        "status": false
    },
    "autoPurge": {
        "status": false
    },
    "autokomen": {
        "status": true,
        "message": "IYUS NIH BOUSS"
    },
    "autolike": {
        "status": true,
        "message": "Udah di like ya"
    },
    "autoJoinbypass": true,
    "autoJoinJs": true,
    "members": 500,
    "groupjoin": 150,
    "namegrup": "lpm",
    "autoRead": false,
    "autoRespond": {
        "status": false,
        "message": "hello @!"
    },
    "autoRespondMention": {
        "status": false,
        "message": "Yg tag minta di ewe ya? @!"
    },
    "Addimage": false,
    "changekick": "kick",
    "runtime": 1584023403.734488,
    "receivercount": 3827731,
    "sendcount": 1991738,
    "silent": [],
    "protectkick": [],
    "protectinvite": [],
    "protectjoin": [],
    "protectcancel": [],
    "protectqr": [],
    "teamlist": [],
    "whitelist": [
        "u9b6db671badc05e225fd489e0a72a3e3",
        "u608885b28632ac9febd4482d4be503a8"
    ],
    "blacklist": [],
    "owner": [
        "u9b6db671badc05e225fd489e0a72a3e3"
    ],
    "admin": [
        "u9b6db671badc05e225fd489e0a72a3e3",
        "u608885b28632ac9febd4482d4be503a8"
    ],
    "changeinvites": "sini",
    "changekickr": "sana",
    "changebypass": "memek",
    "changetagall": "tagal",
    "changekickall": "kontol",
    "changecancelall": "cancelall",
    "changeteam": "..",
    "respon": "✔️𝐇𝐄𝐑𝐄",
    "selfbackup": [],
    "livetime": [],
    "liveview": [],
    "Img": {},
    "changeGroupPicture": [],
    "wordban": [],
    "changePictureProfile": false,
    "changeCoverProfile": false,
    "checkContact": false,
    "checkPost": false,
    "readerPesan": "Gw @!, Kang Sider",
    "checkSticker": false,
    "defaultReplyReader": "Hello @!, come here join to chat",
    "greet": {
        "join": {
            "status": false,
            "message": "Welcome kak @! semoga betah"
        },
        "leave": {
            "status": false,
            "message": "See you @!"
        }
    },
    "myProfile": {
        "coverId": "c0000000000000000000000000000001",
        "displayName": "Angela",
        "pictureStatus": "0hSlEFQ2X2DEN4PxtoalpzFER6Ai4PEQoLAFpEdltoACZSXB5FQwlDdwpqUydRCUsXFF1GIAo6WnRc",
        "statusMessage": ""
    },
    "ajsProfile": {
        "coverId": "c0000000000000000000000000000001",
        "displayName": "jkk",
        "pictureStatus": "0hbMBVgDuFPWJ_LxTWLj5CNUNqMw8IATsqB0wiA19_MAdaFnphEUwhBlh8NFAHTHw3QxlyAg57Z1ZR",
        "statusMessage": ""
    },
    "mimic": {
        "status": false,
        "target": {}
    },
    "restartPoint": null,
    "selfbot": true,
    "setKey": {
        "status": true,
        "key": "!"
    },
    "copyright": "If you respect the author please don't remove this copyright\n\u00a9 2018 Hello World",
    "author_lineid": "You can add the author by line id, https://line.me/ti/p/~zero-cool404",
    "changevp": false,
    "changeProfileVideo": false,
    "updateProfile": false,
    "getpost": false,
    "invitekontak": false,
    "checkalbum": false,
    "detectlive": false,
    "detectTemplate": false,
    "unsendMessage": false,
    "detectcontact": false,
    "detectspam": false,
    "mentionkick": false,
    "getposttl": false,
    "responcall": false,
    "detectflex": false,
    "detectflextext": false,
    "detectimage": false,
    "detectlocation": false,
    "detectvideo": false,
    "detectkick": false
}